recipe_id,allergy_id
1,1
1,2
2,1
3,1
3,4
5,3
6,1
6,7
7,1
8,1
8,2
8,7
12,7
13,1
13,2
13,7
13,8
15,1
15,7
16,1
16,3
16,7
17,5
17,7
18,1
18,7
19,6
19,7
19,9
20,1
22,5
22,6
22,7
22,8
25,1
25,2
27,1
27,2
28,1
29,1
30,1
31,1
32,1
32,7
34,1
34,7
37,1
39,1
39,7
40,1
40,2
40,7
41,1
41,2
41,7
42,1
44,1
45,4
46,1
46,2
46,7
46,9
47,1
47,3
47,5
47,7
47,8
48,1
49,1
49,7
51,1
51,2
52,1
52,7
52,9
53,1
53,2
53,7
55,1
56,1
57,1
57,8
58,1
58,7
59,1
59,9
60,5
60,6
60,7
61,1
62,1
63,1
63,2
63,7
64,1
65,1
65,2
66,1
66,2
66,7
68,1
68,2
68,7
69,1
69,7
70,2
70,7
70,9
71,1
72,1
72,7
74,1
74,2
75,1
75,2
75,3
75,7
77,1
81,1
82,1
82,7
83,1
83,4
83,7
84,1
86,1
87,1
88,1
89,1
89,2
89,7
90,1
90,7
91,6
91,9
92,9
94,5
94,6
94,7
95,1
97,2
97,3
97,9
98,5
98,6
98,7
98,8
99,1
100,2
100,4
100,5
100,6
100,7
101,1
101,3
103,1
103,7
104,9
105,1
106,1
106,9
107,1
108,1
108,7
110,7
112,1
112,2
112,5
112,7
113,1
113,2
113,5
113,6
113,7
114,1
114,2
114,7
115,1
115,7
116,1
116,5
116,7
118,1
118,2
119,1
119,2
120,7
121,2
121,4
121,5
121,7
123,1
124,5
125,2
125,9
126,3
126,5
126,6
126,7
126,8
127,1
127,9
128,1
128,2
129,1
129,2
129,7
129,9
130,3
131,5
131,7
133,1
133,3
133,7
134,6
135,3
135,8
136,1
136,5
136,7
137,1
138,1
138,2
138,7
139,6
139,7
140,9
141,1
141,2
141,7
141,9
143,2
143,7
144,1
145,1
145,2
145,7
145,9
146,1
146,7
147,2
147,7
148,1
148,7
148,9
149,1
152,7
152,9
153,1
153,2
153,7
153,9
154,1
154,2
154,7
155,1
157,1
157,2
157,7
158,7
159,1
159,7
160,1
160,4
161,1
161,2
161,7
162,1
162,2
162,7
162,9
163,1
163,2
163,3
163,7
164,1
164,2
164,7
165,1
167,1
167,7
168,5
168,6
168,7
168,8
168,9
169,1
169,7
169,9
170,1
170,7
171,1
172,1
172,2
173,1
173,7
173,9
174,1
175,1
175,2
175,7
176,1
176,2
176,7
177,1
177,7
177,9
178,1
178,2
178,7
179,1
179,2
179,7
181,9
182,1
182,3
183,4
184,1
185,3
185,6
186,7
187,2
187,5
187,6
187,7
188,2
188,4
189,1
189,4
189,7
190,1
190,2
190,7
190,9
191,1
191,3
191,7
192,1
192,7
193,1
193,4
194,1
194,3
194,7
195,3
196,1
196,2
196,7
197,1
197,2
197,7
198,9
199,9
200,1
200,2
200,7
201,1
201,7
202,1
202,2
202,8
203,1
203,2
203,7
203,9
204,2
204,7
204,9
205,1
205,7
205,9
206,1
206,2
206,7
207,1
207,2
207,7
208,1
209,1
210,1
211,1
211,2
211,7
212,1
212,9
213,1
213,2
213,7
213,9
214,1
214,9
215,1
215,7
216,1
216,7
217,7
218,7
218,9
219,1
219,7
220,1
220,2
220,9
221,1
221,2
221,6
221,7
222,1
222,2
222,7
223,1
223,2
223,7
224,1
224,2
224,7
225,1
225,2
225,7
226,1
226,7
227,2
228,1
228,2
228,7
228,9
229,1
232,1
232,2
232,7
233,1
233,7
233,8
234,2
234,7
234,9
235,1
235,2
235,7
235,9
236,1
236,2
236,7
237,1
237,2
237,9
238,1
238,2
238,7
239,1
239,2
239,7
240,1
241,1
241,3
242,1
242,2
242,7
243,1
243,7
244,1
245,1
245,2
245,4
245,7
248,1
248,7
249,2
249,5
249,7
250,1
250,2
250,7
252,6
252,7
253,2
254,1
254,3
254,9
255,1
255,2
255,9
256,1
256,5
256,7
257,1
257,2
257,7
258,2
258,7
258,9
259,1
259,7
260,1
260,7
263,1
263,9
264,1
264,2
264,7
265,1
266,2
266,7
267,1
267,2
268,1
268,7
269,1
269,2
269,7
269,9
271,1
271,4
271,7
272,3
272,4
273,1
273,7
275,3
276,7
277,5
277,6
277,7
278,7
279,1
279,7
279,9
280,2
280,7
282,2
282,7
283,1
283,2
283,7
284,1
285,1
290,1
290,7
291,1
292,1
293,1
293,4
293,7
294,5
294,9
295,3
301,7
302,1
303,1
303,2
303,7
305,1
305,7
306,1
306,2
306,7
310,1
310,2
310,7
311,1
312,1
312,7
313,1
313,3
313,7
313,9
314,6
318,1
318,2
318,7
319,2
319,5
319,6
319,7
320,1
320,2
321,1
321,2
323,1
323,7
324,1
327,1
327,9
328,2
328,9
329,1
329,9
330,1
330,7
333,1
333,7
334,2
335,5
335,6
335,7
336,1
336,2
337,1
337,7
339,9
340,2
340,6
341,9
343,1
343,2
343,7
344,1
344,7
347,1
347,2
348,1
350,1
350,2
350,7
351,1
351,2
351,7
351,9
352,4
353,1
353,2
354,1
354,2
354,7
356,1
357,4
358,1
358,2
359,1
359,6
360,7
363,6
364,5
364,6
364,7
365,1
366,1
366,2
366,7
367,1
367,2
367,7
368,1
368,2
368,7
368,9
369,1
369,2
369,7
372,1
372,9
373,2
373,7
374,1
375,1
375,3
375,9
376,1
377,1
377,2
377,7
378,3
378,5
378,7
380,3
381,1
381,3
382,7
382,9
383,1
383,2
383,7
383,9
384,1
384,7
384,9
385,1
385,2
385,7
387,1
387,8
388,1
388,9
390,1
391,2
391,5
391,6
391,7
392,9
393,1
393,2
393,7
393,9
394,3
394,6
394,7
396,1
396,4
396,7
397,1
397,2
397,7
400,2
401,1
402,1
402,7
404,6
404,9
405,1
405,7
406,1
407,3
408,7
409,1
409,9
410,2
410,7
410,9
411,1
411,2
411,3
411,6
411,7
412,1
412,2
415,1
415,9
421,1
421,2
422,1
422,7
422,9
423,9
426,1
427,1
427,7
429,9
430,1
430,2
430,7
431,7
432,6
432,7
433,1
433,2
433,7
434,7
435,9
436,3
436,5
436,6
436,7
439,2
440,1
440,2
440,7
440,9
441,1
441,2
441,8
442,1
442,7
445,1
446,4
447,1
447,7
448,1
448,2
448,7
449,1
450,1
451,1
452,1
453,2
453,7
453,9
454,2
455,1
455,2
455,9
456,1
456,2
456,7
457,3
458,1
458,2
458,7
459,9
460,1
460,2
461,1
461,2
461,3
462,1
462,3
463,1
463,7
464,1
465,9
466,9
467,1
467,7
467,9
468,1
469,2
469,9
471,1
471,2
472,1
472,7
473,2
473,9
474,1
475,1
475,7
475,9
477,2
480,2
482,1
482,2
483,2
483,3
483,4
483,5
483,7
484,1
484,9
485,1
486,1
486,2
488,9
490,1
490,7
491,1
491,5
492,1
492,2
492,9
493,1
493,7
494,1
495,1
495,9
496,1
497,1
497,2
497,7
498,9
500,2
501,3
501,6
501,7
501,8
502,1
503,1
503,6
504,1
504,7
506,5
506,6
506,7
507,1
508,1
508,9
509,7
509,9
510,1
511,1
512,3
513,6
513,8
514,1
514,7
515,1
515,8
516,1
517,1
517,4
518,1
518,2
518,7
519,1
520,1
520,2
522,5
522,6
522,7
524,1
524,7
524,9
525,4
526,5
526,6
527,3
527,4
527,5
527,7
529,2
531,1
532,9
533,9
535,1
536,5
536,7
538,3
541,9
542,9
543,3
544,1
546,1
546,2
546,7
546,9
547,1
548,1
551,1
551,4
552,1
552,2
552,3
552,7
553,1
554,1
554,2
554,7
554,9
555,1
555,3
555,7
556,2
556,6
556,9
557,1
557,7
558,1
558,9
561,1
561,2
561,7
561,9
563,3
564,2
565,9
566,1
566,9
568,1
568,7
569,1
569,2
569,7
569,9
570,1
570,2
570,7
571,1
571,2
571,7
572,1
573,1
573,2
574,1
574,2
574,7
575,1
575,3
575,9
577,1
577,2
577,7
578,1
578,2
578,7
579,1
579,2
579,7
579,9
580,1
580,7
581,1
581,2
581,7
581,8
581,9
582,1
583,1
583,2
583,7
584,6
584,9
585,1
585,7
586,1
586,7
586,9
587,9
592,9
593,1
593,7
594,7
595,1
596,1
596,7
596,9
598,1
598,2
598,7
599,7
600,1
600,7
601,1
601,2
601,9
604,1
604,2
604,7
605,1
605,2
605,7
606,1
606,2
606,7
607,2
607,3
608,1
609,2
610,1
611,1
611,3
612,1
612,9
613,1
613,2
613,7
613,9
614,1
614,7
616,1
617,1
618,1
618,7
618,9
620,1
620,2
621,1
621,7
622,1
622,7
623,6
626,1
626,2
626,7
627,1
627,3
627,4
628,3
628,4
629,1
630,6
630,7
631,1
631,9
632,1
632,3
632,7
633,1
633,2
633,7
633,9
634,1
634,2
634,7
635,1
635,2
635,7
636,1
636,7
637,1
637,2
638,1
638,7
640,1
640,2
640,7
640,9
641,7
642,1
642,3
643,1
643,7
644,1
644,7
645,1
647,9
648,1
648,7
649,1
649,6
649,7
650,5
650,6
650,7
652,9
653,1
653,5
653,6
653,7
654,1
654,2
654,4
654,7
656,1
656,7
658,1
658,2
658,7
659,3
660,2
660,3
660,7
661,1
661,5
661,7
663,1
663,7
664,1
665,1
666,1
666,2
666,7
667,1
667,9
669,6
670,1
670,8
671,1
671,2
671,7
674,1
678,9
680,1
680,2
680,7
681,1
681,2
682,1
683,1
683,7
684,2
684,3
684,9
685,1
686,3
686,5
686,6
686,7
687,1
689,2
691,3
692,8
693,3
693,7
694,7
694,9
695,1
695,7
695,9
696,1
696,7
697,1
697,7
698,1
698,7
700,9
701,6
702,7
702,9
704,3
704,7
704,9
708,1
708,4
708,7
709,1
709,7
713,6
713,7
714,2
714,7
715,1
715,2
715,7
716,1
716,9
717,1
717,2
718,5
718,6
719,2
719,7
720,4
720,5
720,6
720,7
720,8
721,1
721,2
721,7
721,8
722,1
722,9
723,1
723,7
724,1
724,7
725,1
725,3
725,5
725,7
725,8
726,1
726,2
727,1
729,1
729,2
729,7
733,1
733,9
734,1
734,7
735,3
737,1
738,1
739,1
739,3
739,5
739,7
740,1
740,9
742,1
743,1
743,2
743,7
744,1
744,7
745,1
745,2
745,7
746,1
746,2
747,1
747,7
751,1
752,1
752,2
754,1
754,7
754,9
755,4
755,7
757,4
760,1
760,2
760,7
761,1
761,8
762,1
762,2
762,7
763,1
763,6
764,4
765,7
766,3
767,7
767,8
767,9
768,1
768,9
769,2
770,1
770,3
770,7
771,1
771,7
772,1
774,1
774,7
775,2
777,1
777,2
778,1
778,7
779,2
780,4
781,1
781,2
781,7
781,9
782,9
783,7
784,1
784,2
784,7
785,7
785,9
786,1
786,7
787,1
787,2
788,3
788,4
789,1
789,3
790,3
791,3
791,4
791,8
792,1
792,2
792,9
793,1
793,2
793,7
794,1
794,2
794,7
794,9
795,1
796,2
796,3
796,4
796,5
796,7
797,1
798,1
798,3
798,5
798,7
799,1
800,1
801,4
803,1
803,6
804,1
805,1
805,2
807,3
807,7
808,1
808,7
809,7
809,9
810,7
811,1
811,2
811,7
815,1
816,1
816,2
816,9
817,1
817,9
818,1
818,9
819,3
820,1
820,2
822,5
822,6
822,7
824,2
825,1
825,3
825,7
828,1
828,2
828,7
828,9
829,1
832,3
832,7
833,9
834,7
836,1
836,2
836,7
837,1
837,2
837,7
838,1
839,1
840,1
840,2
841,1
841,5
841,7
841,8
842,1
842,2
842,7
843,2
844,2
845,2
845,9
846,2
846,7
846,9
848,1
849,1
849,3
849,4
851,1
851,7
854,1
854,6
854,7
855,1
855,7
856,1
857,7
857,9
858,1
858,2
858,7
859,7
860,4
861,1
862,1
862,2
862,7
863,1
863,2
863,7
863,9
864,1
864,2
864,7
866,1
866,3
867,1
867,2
867,7
868,1
868,2
868,7
870,1
870,2
870,7
871,1
871,7
872,1
872,2
872,7
873,7
874,1
875,1
876,1
876,2
876,7
877,1
877,2
877,7
878,7
879,9
881,5
881,6
881,7
882,1
882,2
882,7
883,1
884,1
884,9
885,1
885,2
886,1
886,7
887,1
887,7
889,9
890,1
890,7
891,2
894,1
895,1
895,3
895,7
896,4
896,5
896,6
896,7
897,1
897,2
898,1
898,2
898,7
899,2
899,3
899,5
899,7
900,2
900,5
900,7
902,3
902,4
902,7
903,2
904,1
904,2
904,7
905,7
906,1
906,2
906,9
907,1
907,2
907,7
909,1
910,1
912,1
912,9
913,2
913,4
915,1
915,7
916,3
918,1
918,7
919,1
919,2
919,7
920,1
921,1
921,2
921,9
922,1
923,1
924,1
924,7
925,9
926,1
927,1
927,9
928,1
928,2
928,7
929,1
930,1
930,7
931,1
931,2
931,7
933,1
933,2
933,7
934,1
934,2
934,7
935,1
935,2
935,7
936,1
936,2
936,7
937,1
937,9
938,5
938,7
940,1
940,2
940,7
940,9
941,1
942,1
942,5
943,7
944,3
945,1
946,7
946,9
947,1
947,9
948,1
948,2
948,4
948,9
950,9
952,1
952,6
953,1
954,1
954,3
954,4
954,7
955,1
956,1
956,2
956,7
957,5
957,7
958,1
958,2
958,7
959,1
959,2
959,9
960,1
960,7
961,5
961,7
963,1
965,1
965,9
966,1
966,9
967,1
967,7
967,9
968,3
969,1
969,3
970,1
970,2
970,7
971,1
971,2
973,1
973,2
973,7
974,9
975,1
975,9
976,1
976,2
976,7
977,1
977,2
978,2
978,3
979,3
980,1
980,2
980,7
980,9
982,1
982,2
982,7
982,9
983,1
983,7
983,9
985,1
986,1
986,3
986,4
987,5
987,7
988,2
988,7
989,1
989,2
989,7
990,1
990,7
991,1
991,9
992,1
993,1
994,1
995,1
995,2
995,7
996,1
997,1
997,7
998,3
998,4
998,7
998,8
999,8
1000,2
1000,4
1000,5
1000,7
1001,1
1001,2
1002,1
1002,2
1002,4
1003,2
1003,7
1004,1
1004,6
1004,9
1005,1
1005,9
1006,1
1007,1
1007,3
1007,9
1008,4
1009,1
1009,6
1009,7
1010,9
1012,1
1015,1
1015,2
1016,1
1016,2
1016,7
1017,2
1017,3
1018,1
1019,3
1019,5
1019,7
1020,1
1020,7
1021,1
1021,2
1021,7
1021,9
1022,3
1023,1
1023,3
1023,4
1025,1
1027,1
1027,2
1028,1
1028,7
1032,5
1032,7
1033,7
1034,3
1035,1
1035,9
1036,5
1036,6
1036,7
1038,1
1038,7
1040,1
1042,5
1042,6
1042,7
1043,1
1044,1
1044,3
1044,4
1045,3
1045,5
1045,6
1047,4
1049,1
1049,9
1050,1
1050,2
1050,5
1050,6
1050,7
1051,1
1051,3
1053,5
1053,9
1055,1
1055,9
1056,1
1058,1
1059,2
1059,7
1061,3
1062,1
1062,7
1065,9
1071,2
1071,5
1071,7
1072,1
1072,2
1072,7
1072,9
1073,3
1073,7
1075,2
1075,3
1075,5
1075,7
1076,1
1077,1
1077,2
1077,7
1078,6
1080,2
1080,3
1080,7
1081,1
1081,2
1081,7
1082,7
1083,1
1083,3
1084,1
1084,9
1085,1
1085,6
1085,7
1086,1
1089,1
1089,3
1089,8
1090,1
1096,1
1096,9
1098,1
1098,5
1099,1
1099,9
1100,1
1100,3
1100,7
1101,3
1103,1
1104,1
1105,6
1106,8
1107,1
1107,7
1107,9
1108,1
1108,2
1108,7
1109,2
1109,5
1109,6
1109,7
1110,1
1110,2
1110,7
1111,1
1112,1
1113,1
1113,2
1115,1
1115,2
1115,7
1116,3
1116,5
1116,6
1116,7
1117,3
1117,4
1117,5
1118,7
1118,9
1119,2
1120,1
1120,2
1120,6
1120,7
1121,4
1121,5
1121,6
1121,8
1121,9
1122,3
1122,4
1123,1
1123,2
1123,7
1124,1
1125,1
1125,2
1125,7
1126,1
1126,7
1127,3
1127,5
1127,6
1127,7
1128,9
1129,2
1129,6
1129,7
1130,1
1130,7
1131,3
1131,5
1131,7
1133,1
1133,2
1133,7
1133,9
1134,2
1134,6
1136,1
1136,2
1136,7
1137,1
1137,7
1138,3
1138,4
1139,1
1139,9
1140,3
1141,5
1142,3
1142,5
1142,7
1143,1
1143,3
1143,9
1145,1
1145,2
1145,7
1146,2
1146,7
1147,1
1147,2
1147,7
1147,9
1148,1
1148,2
1148,5
1148,6
1148,7
1149,1
1150,7
1151,1
1151,2
1151,7
1152,9
1153,1
1153,6
1154,1
1154,2
1154,7
1154,9
1157,3
1157,6
1158,2
1160,1
1160,2
1160,7
1160,9
1162,7
1163,5
1163,6
1163,7
1164,1
1164,2
1164,7
1165,1
1165,2
1167,1
1167,2
1167,9
1169,1
1169,2
1169,7
1169,9
1172,3
1172,5
1172,6
1172,7
1174,1
1175,1
1175,2
1175,7
1175,9
1176,1
1176,2
1176,7
1176,9
1178,1
1178,7
1180,1
1180,2
1180,7
1181,1
1181,2
1182,1
1182,2
1183,1
1183,2
1183,7
1184,7
1184,8
1185,7
1185,8
1185,9
1187,8
1189,1
1189,2
1189,7
1190,7
1191,1
1192,1
1192,2
1192,7
1192,8
1193,1
1193,2
1193,7
1194,1
1194,2
1194,7
1195,1
1195,7
1196,1
1196,2
1196,7
1198,3
1200,7
1201,1
1201,2
1202,1
1202,2
1203,1
1203,2
1204,1
1204,5
1205,2
1206,1
1206,7
1206,8
1208,1
1208,7
1209,1
1209,2
1210,1
1211,1
1211,2
1211,7
1212,1
1212,2
1212,7
1212,9
1213,1
1213,2
1213,7
1214,2
1214,3
1214,5
1214,6
1214,7
1215,2
1215,4
1216,1
1216,7
1217,2
1217,4
1217,7
1217,8
1220,1
1221,1
1221,2
1221,7
1222,1
1222,2
1222,7
1223,1
1223,7
1224,1
1224,2
1224,7
1227,7
1228,1
1228,7
1229,1
1229,7
1230,1
1231,1
1231,2
1232,2
1234,8
1234,9
1235,1
1235,9
1236,1
1237,1
1237,7
1238,1
1238,4
1239,6
1239,7
1240,7
1241,1
1241,5
1242,5
1242,6
1242,7
1242,8
1243,2
1243,5
1243,7
1243,8
1244,5
1244,6
1244,7
1244,8
1247,1
1247,2
1248,1
1249,1
1249,6
1249,9
1250,1
1250,2
1250,7
1253,1
1254,1
1255,1
1255,2
1255,3
1256,1
1259,2
1259,5
1259,7
1261,7
1263,1
1263,2
1263,7
1264,3
1264,5
1264,6
1264,7
1265,9
1266,1
1266,2
1266,4
1272,9
1274,1
1274,7
1274,8
1275,3
1278,3
1278,7
1278,8
1279,1
1279,7
1279,9
1280,5
1280,6
1280,7
1282,1
1282,2
1282,6
1282,7
1282,9
1284,1
1284,9
1285,1
1285,9
1286,1
1287,5
1287,7
1289,1
1291,5
1291,7
1292,2
1293,5
1293,6
1293,7
1294,1
1295,1
1296,1
1296,3
1296,9
1297,1
1297,2
1297,7
1297,8
1298,1
1299,1
1300,9
1301,1
1301,2
1302,1
1302,7
1302,9
1303,2
1304,2
1304,7
1304,9
1305,1
1305,2
1305,7
1306,1
1306,5
1307,2
1307,5
1307,7
1308,5
1308,7
1308,9
1309,1
1310,2
1311,1
1312,1
1312,6
1312,9
1313,1
1314,1
1314,7
1314,9
1315,1
1315,7
1316,2
1316,4
1316,5
1316,6
1316,7
1317,1
1317,2
1317,7
1319,7
1320,1
1320,7
1321,1
1321,2
1322,1
1322,2
1322,7
1324,1
1324,2
1324,7
1324,8
1325,1
1326,1
1326,2
1326,7
1327,1
1329,2
1330,1
1330,7
1331,1
1331,7
1333,2
1333,7
1334,2
1334,4
1334,5
1334,6
1334,7
1334,8
1336,2
1336,3
1337,2
1339,1
1339,5
1339,7
1340,1
1340,3
1340,4
1340,7
1341,1
1341,5
1341,7
1341,8
1342,1
1342,7
1344,1
1344,2
1345,5
1345,7
1346,1
1346,2
1346,7
1347,1
1347,7
1348,1
1348,7
1350,1
1350,2
1350,7
1351,1
1352,1
1352,3
1352,7
1353,1
1353,9
1354,1
1354,4
1354,7
1356,1
1357,1
1358,7
1360,3
1360,5
1360,7
1363,1
1363,2
1363,7
1363,9
1364,1
1364,9
1365,1
1365,7
1367,1
1367,2
1367,7
1368,1
1368,3
1368,7
1369,1
1370,1
1370,2
1370,7
1371,1
1371,2
1371,7
1371,9
1372,1
1372,2
1372,7
1373,9
1375,5
1375,6
1375,7
1376,6
1378,2
1378,5
1378,6
1378,7
1379,1
1379,2
1379,7
1379,9
1382,6
1384,1
1384,2
1384,4
1384,7
1386,1
1386,7
1387,1
1387,2
1387,7
1388,3
1388,5
1388,7
1389,4
1390,1
1390,2
1390,7
1390,9
1391,1
1391,9
1392,1
1392,2
1392,7
1394,1
1394,7
1395,1
1395,2
1396,1
1397,2
1397,3
1398,5
1398,7
1399,1
1400,1
1401,7
1403,1
1403,7
1405,1
1405,2
1405,7
1405,9
1406,1
1406,2
1406,7
1407,1
1407,2
1407,7
1408,1
1408,2
1408,7
1409,1
1409,9
1410,1
1410,9
1412,1
1413,1
1415,1
1415,2
1415,7
1415,9
1416,1
1416,9
1417,1
1417,2
1417,7
1417,9
1418,3
1418,5
1418,6
1419,1
1419,2
1419,7
1419,9
1421,1
1421,7
1423,1
1423,7
1424,1
1424,9
1425,1
1425,2
1425,7
1426,1
1426,7
1427,1
1427,3
1428,2
1428,7
1429,9
1432,1
1432,7
1434,1
1434,2
1434,7
1435,1
1435,2
1435,7
1435,9
1436,1
1436,7
1437,1
1438,1
1438,2
1438,7
1438,9
1439,1
1440,1
1441,1
1441,2
1441,7
1442,1
1444,1
1444,9
1445,1
1445,4
1445,7
1446,1
1446,7
1447,1
1447,7
1448,1
1448,5
1448,7
1449,1
1450,1
1450,2
1450,9
1451,1
1451,2
1454,1
1455,1
1456,1
1456,7
1458,3
1459,3
1459,5
1459,7
1460,1
1460,4
1460,9
1461,1
1461,2
1461,7
1463,1
1463,2
1463,7
1463,9
1464,1
1464,2
1465,1
1465,8
1466,1
1466,2
1466,7
1466,8
1467,1
1467,7
1468,1
1468,9
1469,1
1469,2
1469,9
1471,1
1472,2
1472,7
1473,9
1474,1
1474,2
1474,9
1475,5
1475,6
1475,7
1475,8
1476,1
1477,1
1478,1
1478,7
1479,1
1479,7
1480,1
1480,2
1483,1
1483,2
1483,7
1484,1
1484,2
1484,7
1485,1
1485,2
1485,3
1485,4
1486,2
1486,3
1486,7
1487,4
1489,1
1490,1
1491,1
1493,1
1493,8
1494,1
1494,7
1494,9
1497,1
1497,2
1497,7
1498,1
1498,2
1498,9
1500,4
1503,1
1503,9
1504,1
1504,2
1505,3
1505,6
1506,3
1506,5
1507,1
1507,2
1507,9
1508,3
1508,4
1509,1
1509,7
1511,1
1511,2
1511,7
1511,9
1512,1
1512,9
1514,1
1514,2
1514,7
1514,9
1517,1
1517,2
1517,8
1518,1
1518,3
1518,5
1518,6
1518,7
1520,9
1521,7
1522,1
1522,4
1523,2
1523,4
1524,9
1525,1
1525,7
1526,9
1527,1
1532,1
1532,9
1533,7
1534,1
1534,2
1535,1
1535,2
1535,5
1538,3
1538,8
1542,1
1542,9
1543,5
1544,1
1544,9
1545,1
1545,4
1547,1
1547,5
1548,1
1548,2
1548,7
1549,1
1549,3
1550,7
1551,9
1552,7
1553,2
1554,1
1555,2
1555,7
1555,9
1556,1
1556,2
1556,9
1557,1
1559,1
1560,1
1560,9
1561,1
1562,1
1562,7
1564,5
1564,7
1565,5
1565,7
1568,1
1568,2
1568,7
1568,9
1569,5
1569,6
1570,1
1570,7
1572,1
1572,2
1572,7
1573,1
1573,2
1573,3
1574,1
1574,2
1575,1
1577,2
1577,7
1577,9
1578,1
1578,2
1578,7
1579,9
1580,7
1581,1
1581,7
1582,1
1584,1
1584,2
1584,7
1586,1
1587,1
1587,7
1588,5
1589,1
1589,9
1591,1
1594,3
1595,2
1595,7
1597,1
1598,1
1598,2
1598,5
1598,6
1600,1
1600,2
1600,7
1600,9
1601,3
1603,1
1603,2
1604,1
1604,7
1605,1
1605,9
1606,4
1606,5
1606,7
1606,8
1607,2
1607,5
1607,6
1607,7
1607,8
1608,1
1608,2
1608,7
1608,8
1609,1
1610,1
1610,2
1610,7
1611,1
1611,7
1612,3
1612,7
1613,1
1613,2
1613,7
1614,5
1614,7
1615,1
1617,1
1619,1
1619,7
1620,1
1620,7
1621,2
1621,7
1623,1
1624,1
1625,1
1625,2
1625,7
1625,9
1626,7
1627,1
1628,1
1628,7
1629,1
1629,2
1629,7
1630,7
1632,1
1632,7
1634,3
1634,4
1634,8
1635,1
1635,2
1635,3
1635,4
1635,5
1635,7
1635,8
1636,5
1636,7
1637,3
1637,4
1637,5
1637,7
1638,3
1640,1
1641,4
1642,4
1642,5
1642,7
1644,1
1644,2
1644,7
1645,1
1645,4
1647,2
1647,9
1648,7
1649,1
1649,2
1650,1
1650,7
1652,1
1652,2
1653,1
1653,2
1653,7
1654,1
1655,1
1655,9
1656,1
1656,2
1656,7
1656,9
1657,1
1657,5
1657,7
1657,9
1658,1
1658,2
1658,3
1658,7
1659,1
1659,3
1659,7
1660,1
1660,2
1660,7
1660,8
1661,1
1661,7
1661,9
1662,1
1662,7
1663,1
1663,2
1663,3
1663,7
1664,1
1666,3
1666,4
1666,7
1667,1
1667,2
1667,7
1669,2
1670,2
1670,4
1670,5
1670,7
1671,1
1671,2
1672,7
1673,1
1673,7
1674,1
1675,1
1675,9
1676,1
1676,2
1676,7
1677,1
1677,7
1678,1
1678,2
1678,7
1678,9
1679,1
1680,1
1681,1
1682,1
1682,2
1682,7
1682,9
1683,1
1683,2
1683,7
1685,1
1686,1
1686,2
1686,7
1687,1
1687,2
1689,1
1689,2
1689,7
1689,9
1690,1
1690,2
1690,7
1691,2
1691,7
1692,2
1692,7
1693,8
1693,9
1694,2
1694,7
1694,9
1695,7
1696,1
1697,7
1698,1
1698,2
1698,7
1698,9
1699,5
1699,6
1699,7
1700,1
1700,2
1700,9
1701,8
1702,1
1702,7
1703,1
1703,7
1704,2
1706,1
1707,1
1708,3
1708,5
1708,8
1709,1
1709,7
1710,1
1710,2
1710,7
1711,1
1711,2
1711,7
1711,9
1712,1
1712,2
1713,1
1713,2
1713,7
1715,1
1715,2
1715,7
1716,1
1716,2
1716,7
1718,1
1718,2
1719,1
1719,3
1719,7
1720,7
1721,5
1722,1
1723,1
1723,2
1723,7
1725,1
1725,2
1725,7
1726,1
1727,1
1729,1
1730,1
1734,1
1734,7
1736,3
1736,4
1737,1
1737,2
1737,7
1739,5
1740,5
1740,9
1741,1
1741,7
1743,1
1745,1
1745,2
1745,3
1747,3
1748,5
1748,6
1748,7
1750,1
1750,7
1753,1
1753,2
1753,7
1754,3
1754,4
1755,1
1755,7
1756,1
1756,8
1757,1
1757,2
1757,4
1757,7
1758,1
1758,2
1758,7
1759,1
1761,3
1762,4
1763,1
1763,2
1763,9
1764,3
1764,5
1764,7
1765,4
1765,5
1765,7
1769,1
1769,2
1769,7
1769,9
1771,1
1772,2
1772,7
1773,4
1774,7
1775,1
1775,2
1775,9
1776,1
1776,2
1776,7
1777,1
1777,7
1778,1
1778,9
1779,1
1779,2
1780,1
1781,1
1781,2
1781,7
1782,1
1784,1
1784,7
1785,1
1785,2
1786,1
1786,8
1787,1
1788,1
1789,1
1790,2
1791,1
1791,2
1791,7
1793,2
1794,7
1795,1
1795,2
1795,8
1797,1
1797,2
1797,9
1798,9
1799,2
1799,3
1801,2
1802,3
1804,1
1804,2
1804,7
1806,1
1806,7
1807,2
1807,7
1807,8
1808,1
1808,2
1809,1
1809,2
1809,7
1810,1
1811,9
1812,1
1812,2
1812,7
1813,1
1813,7
1814,1
1814,9
1815,1
1817,1
1817,7
1818,1
1818,7
1819,1
1820,9
1821,1
1821,9
1822,1
1823,1
1823,4
1824,1
1825,5
1825,6
1825,7
1825,8
1826,1
1826,3
1826,4
1829,1
1829,9
1830,7
1831,1
1831,2
1831,7
1831,9
1833,4
1833,7
1834,1
1834,7
1835,1
1835,2
1836,1
1836,7
1838,1
1838,7
1839,3
1839,4
1840,2
1840,9
1841,1
1841,2
1841,7
1842,1
1842,7
1843,1
1843,7
1844,1
1844,2
1844,7
1845,1
1845,7
1846,1
1847,3
1848,1
1848,9
1849,4
1850,1
1850,2
1850,7
1851,1
1854,1
1854,2
1854,9
1855,1
1856,1
1856,7
1857,1
1857,7
1858,4
1859,1
1859,9
1861,1
1861,2
1861,7
1863,1
1863,7
1863,9
1864,7
1865,1
1866,7
1867,1
1868,1
1869,1
1869,2
1869,7
1870,1
1870,2
1870,7
1871,4
1872,5
1872,6
1873,1
1873,2
1873,7
1874,1
1874,7
1876,1
1876,2
1876,7
1878,1
1878,9
1879,1
1879,2
1879,7
1880,1
1880,9
1881,1
1881,2
1881,7
1882,1
1883,1
1883,3
1884,1
1884,7
1884,8
1885,1
1885,2
1885,7
1886,1
1886,7
1888,3
1889,1
1889,2
1889,3
1889,7
1890,1
1892,1
1892,2
1892,7
1892,9
1893,1
1893,2
1893,7
1894,3
1895,1
1896,1
1896,2
1896,7
1896,9
1897,1
1898,1
1898,9
1899,1
1899,2
1899,7
1900,3
1900,5
1900,7
1903,1
1903,9
1904,1
1904,2
1906,1
1906,7
1908,1
1908,7
1910,1
1910,5
1910,6
1910,7
1911,5
1911,7
1911,8
1913,1
1913,2
1913,7
1915,9
1916,1
1916,9
1917,1
1917,2
1917,7
1919,1
1919,2
1920,2
1923,9
1924,9
1925,1
1925,2
1925,9
1926,1
1926,4
1927,4
1928,1
1928,2
1928,7
1929,2
1929,3
1930,1
1930,2
1930,7
1930,9
1933,1
1933,7
1936,1
1936,9
1938,4
1938,5
1938,7
1941,1
1942,9
1943,3
1943,4
1943,8
1944,3
1945,7
1947,2
1950,5
1950,7
1951,1
1951,2
1952,1
1953,7
1955,1
1955,2
1955,7
1956,1
1958,2
1959,1
1960,2
1961,1
1961,9
1962,1
1962,8
1963,4
1963,7
1964,1
1965,5
1965,6
1965,7
1966,2
1966,6
1966,9
1967,1
1967,2
1968,2
1968,7
1970,1
1970,2
1970,7
1971,1
1973,1
1975,1
1975,4
1976,1
1977,1
1977,2
1977,9
1978,1
1978,2
1978,7
1979,9
1980,1
1980,2
1981,1
1981,7
1982,1
1982,2
1982,7
1984,1
1984,2
1985,8
1987,2
1987,5
1987,6
1987,7
1987,8
1988,7
1989,1
1989,2
1989,7
1991,4
1992,1
1992,2
1994,1
1994,9
1996,1
1998,7
1999,2
1999,9
2001,1
2001,9
2003,1
2003,2
2004,4
2004,7
2005,1
2005,7
2006,1
2006,2
2006,9
2007,1
2007,2
2007,7
2007,9
2008,4
2008,7
2009,2
2009,7
2010,1
2010,2
2010,7
2013,1
2013,2
2013,7
2014,1
2014,2
2014,3
2014,4
2014,7
2015,1
2015,3
2015,4
2015,7
2016,9
2017,1
2017,2
2017,7
2018,1
2018,7
2019,1
2020,7
2020,9
2021,4
2021,5
2021,7
2023,1
2023,2
2023,7
2024,1
2025,1
2025,2
2025,7
2026,7
2027,1
2027,2
2027,7
2028,1
2030,1
2031,1
2031,2
2031,7
2032,1
2032,2
2032,7
2032,9
2034,1
2035,1
2035,2
2035,7
2036,1
2036,2
2037,1
2037,7
2037,9
2038,1
2039,1
2039,2
2039,9
2040,1
2040,7
2043,2
2043,6
2043,7
2044,5
2044,6
2044,7
2045,1
2045,2
2045,7
2046,1
2046,7
2047,1
2049,1
2049,7
2051,1
2051,2
2051,7
2052,1
2052,9
2053,1
2054,1
2054,2
2055,1
2055,2
2055,7
2056,1
2056,2
2056,3
2056,7
2059,1
2059,2
2061,5
2065,7
2066,1
2066,4
2066,5
2066,7
2067,1
2067,7
2068,1
2069,1
2069,2
2069,7
2070,9
2071,1
2071,2
2071,7
2071,9
2072,1
2073,1
2073,2
2073,7
2074,1
2075,1
2075,4
2077,1
2077,2
2077,7
2079,2
2080,1
2080,2
2081,1
2081,2
2081,7
2082,1
2083,2
2084,3
2085,4
2089,5
2090,7
2091,5
2091,6
2091,7
2092,2
2093,1
2095,1
2097,1
2098,2
2098,3
2098,7
2099,3
2099,7
2099,9
2100,1
2100,3
2100,7
2101,1
2102,1
2102,7
2103,1
2103,2
2104,7
2105,1
2105,2
2105,7
2107,1
2108,1
2108,7
2109,1
2109,7
2110,1
2110,3
2110,4
2110,7
2111,1
2111,2
2111,3
2112,1
2112,2
2112,3
2112,7
2114,4
2115,1
2116,1
2116,2
2116,7
2117,1
2117,7
2118,1
2119,1
2121,1
2121,2
2121,7
2122,1
2122,7
2122,9
2123,1
2123,2
2124,1
2125,3
2125,4
2125,7
2126,1
2127,1
2127,7
2129,1
2129,9
2130,9
2131,9
2132,7
2133,6
2134,1
2135,1
2135,2
2135,7
2136,1
2136,2
2136,9
2137,1
2137,2
2138,3
2138,4
2139,3
2139,5
2139,7
2140,2
2140,5
2140,7
2141,3
2142,1
2143,2
2143,5
2143,7
2144,1
2145,1
2145,7
2146,1
2146,7
2147,1
2147,2
2147,9
2148,1
2149,1
2149,7
2151,3
2151,8
2152,1
2152,2
2153,1
2153,4
2154,2
2154,3
2155,2
2156,3
2157,1
2157,2
2157,9
2159,1
2159,7
2160,1
2160,2
2160,4
2160,7
2161,2
2161,7
2162,1
2162,7
2166,2
2166,5
2167,1
2167,2
2167,7
2168,2
2168,4
2168,5
2168,6
2168,7
2171,1
2171,7
2172,1
2174,2
2174,4
2174,5
2174,6
2174,7
2175,1
2175,2
2175,7
2177,6
2177,7
2178,1
2178,9
2179,1
2180,1
2180,2
2180,7
2181,8
2183,3
2183,5
2183,7
2184,4
2184,9
2186,1
2186,2
2186,7
2186,9
2187,5
2188,1
2188,6
2190,1
2191,1
2191,5
2191,7
2192,3
2192,5
2192,6
2192,7
2193,1
2193,2
2194,1
2196,1
2198,5
2198,6
2200,1
2200,2
2200,7
2201,1
2201,4
2204,1
2204,2
2204,7
2205,1
2205,2
2205,7
2206,2
2207,1
2208,5
2208,7
2210,4
2211,1
2211,2
2212,1
2213,1
2213,7
2214,1
2214,7
2215,1
2216,1
2217,1
2217,7
2217,9
2218,5
2218,7
2219,1
2220,1
2221,3
2221,7
2224,1
2225,1
2225,7
2227,1
2227,7
2229,3
2229,5
2229,6
2229,7
2229,8
2231,1
2231,7
2233,5
2233,7
2235,2
2235,3
2236,3
2236,6
2236,7
2238,1
2238,2
2239,2
2240,1
2240,2
2241,5
2241,7
2241,8
2242,1
2242,2
2243,2
2243,3
2245,1
2246,1
2246,2
2246,7
2246,8
2247,1
2247,2
2247,7
2247,9
2248,1
2249,3
2249,4
2249,8
2250,1
2251,1
2251,7
2252,1
2252,2
2252,4
2252,7
2253,1
2253,9
2254,1
2255,1
2255,9
2256,1
2256,4
2256,5
2256,7
2257,1
2257,7
2258,1
2258,7
2259,1
2259,2
2259,7
2260,1
2262,1
2262,9
2263,1
2263,2
2263,7
2263,9
2264,9
2265,1
2265,2
2265,7
2266,1
2266,2
2266,7
2266,9
2267,1
2267,9
2268,9
2270,2
2271,2
2271,5
2271,6
2271,7
2272,1
2272,2
2274,1
2275,1
2275,2
2275,9
2276,3
2277,2
2277,7
2278,9
2279,2
2279,3
2280,1
2281,3
2281,7
2282,1
2282,9
2283,1
2283,2
2284,1
2284,2
2284,7
2285,1
2285,7
2285,9
2286,1
2286,2
2286,7
2287,1
2287,2
2287,7
2288,1
2288,2
2288,7
2289,1
2291,1
2291,2
2291,7
2292,7
2293,2
2293,5
2293,6
2293,7
2295,1
2296,1
2296,2
2296,7
2297,3
2297,6
2298,3
2298,5
2298,6
2298,7
2300,1
2300,7
2301,2
2303,1
2303,2
2303,7
2305,1
2306,1
2306,2
2307,1
2308,1
2309,1
2309,2
2310,9
2312,1
2312,2
2312,7
2313,1
2313,7
2314,1
2314,2
2314,7
2314,9
2315,1
2315,7
2317,1
2317,2
2317,7
2318,1
2318,2
2318,7
2319,1
2319,7
2319,9
2320,1
2321,1
2321,7
2323,1
2323,2
2323,7
2323,9
2324,1
2324,7
2326,1
2328,1
2329,2
2329,7
2332,2
2332,7
2333,1
2333,2
2333,7
2333,9
2334,4
2335,1
2335,4
2336,1
2337,1
2337,2
2337,7
2338,1
2338,2
2338,7
2339,1
2339,2
2339,7
2339,9
2343,4
2346,1
2346,2
2346,7
2347,2
2347,7
2349,2
2349,7
2350,1
2350,2
2350,9
2352,1
2352,2
2352,7
2352,9
2353,1
2353,2
2353,7
2354,1
2354,2
2354,7
2355,1
2355,2
2355,7
2357,1
2357,2
2357,7
2357,8
2358,1
2358,2
2358,3
2358,7
2359,1
2359,2
2359,5
2360,1
2360,2
2361,3
2361,7
2361,9
2362,1
2362,2
2363,1
2364,1
2364,7
2364,8
2365,1
2365,8
2366,1
2366,2
2368,1
2368,4
2369,1
2369,2
2370,1
2370,2
2370,3
2370,7
2372,1
2372,2
2372,7
2374,1
2375,1
2375,2
2376,1
2377,1
2377,2
2377,7
2378,1
2379,2
2379,3
2380,1
2380,2
2380,7
2381,1
2381,3
2383,1
2383,2
2383,7
2385,1
2385,6
2385,9
2387,1
2387,7
2390,1
2391,1
2392,1
2392,2
2392,7
2392,9
2394,1
2395,1
2395,2
2395,7
2396,1
2396,2
2396,9
2398,1
2398,7
2398,9
2401,1
2401,7
2401,9
2402,5
2402,6
2402,7
2403,1
2404,1
2404,7
2405,2
2406,1
2406,9
2407,1
2409,2
2409,3
2409,7
2410,1
2410,2
2411,3
2411,7
2412,1
2412,2
2412,7
2413,1
2413,2
2415,1
2415,2
2416,1
2416,7
2419,3
2420,1
2421,1
2423,1
2423,9
2424,1
2424,2
2424,7
2424,9
2425,1
2425,2
2426,1
2426,4
2429,2
2429,4
2430,1
2431,2
2431,7
2432,1
2433,1
2433,2
2433,9
2434,1
2434,7
2435,2
2435,4
2437,1
2438,1
2438,9
2439,1
2441,1
2441,7
2441,9
2443,1
2443,2
2443,7
2444,1
2444,2
2444,7
2445,1
2445,2
2445,7
2445,9
2446,9
2447,1
2447,2
2448,1
2448,2
2448,4
2450,1
2450,7
2451,1
2451,7
2452,1
2452,2
2452,7
2454,2
2454,3
2454,7
2455,1
2455,2
2455,3
2455,7
2456,1
2456,7
2457,1
2457,2
2457,7
2459,1
2459,7
2460,1
2460,7
2461,2
2461,7
2462,1
2463,5
2463,6
2464,2
2464,4
2464,5
2464,6
2464,7
2464,8
2465,2
2465,4
2465,8
2466,4
2466,5
2466,7
2466,8
2467,1
2468,8
2470,2
2470,7
2471,2
2472,1
2473,5
2473,7
2475,2
2476,5
2476,7
2477,1
2477,2
2477,7
2478,1
2478,2
2478,7
2478,9
2479,1
2479,2
2479,3
2479,4
2479,5
2479,6
2479,7
2480,5
2480,7
2480,9
2481,1
2484,1
2484,4
2484,7
2486,1
2486,9
2487,3
2488,1
2488,7
2489,1
2489,2
2489,7
2490,1
2490,7
2491,1
2491,7
2491,9
2492,1
2492,2
2492,7
2492,9
2493,1
2493,9
2494,1
2494,2
2494,7
2495,1
2495,2
2495,7
2496,1
2496,2
2496,7
2496,9
2497,7
2498,1
2498,2
2498,7
2499,1
2500,3
2503,1
2503,2
2503,7
2506,1
2506,7
2507,1
2507,2
2507,9
2508,1
2508,2
2508,7
2510,5
2510,6
2510,7
2510,8
2511,1
2511,7
2513,1
2514,1
2514,7
2515,1
2515,2
2516,5
2516,6
2516,7
2517,7
2518,4
2520,1
2520,7
2520,9
2521,1
2521,7
2522,5
2522,7
2523,3
2523,8
2524,1
2524,2
2524,4
2524,7
2529,1
2529,7
2530,1
2530,2
2530,9
2531,1
2532,1
2533,1
2534,1
2535,1
2536,1
2536,4
2537,1
2538,1
2538,7
2539,1
2539,2
2539,3
2539,7
2540,1
2541,1
2541,4
2541,5
2541,7
2542,2
2542,7
2543,3
2543,5
2543,6
2543,7
2544,1
2544,2
2546,1
2549,1
2550,1
2550,7
2551,1
2551,4
2551,7
2552,4
2552,5
2552,7
2553,1
2553,4
2553,7
2555,1
2557,1
2558,1
2558,2
2558,7
2558,9
2559,1
2560,1
2560,3
2561,1
2562,1
2562,7
2565,1
2565,7
2566,1
2566,7
2566,9
2567,1
2567,9
2568,1
2569,1
2570,1
2570,2
2570,7
2571,1
2571,2
2571,9
2572,2
2572,9
2573,2
2574,1
2574,2
2574,7
2574,9
2575,3
2576,4
2577,1
2577,2
2577,7
2578,1
2578,2
2578,7
2579,2
2579,5
2579,6
2579,7
2580,3
2580,8
2581,1
2581,2
2582,2
2582,7
2582,9
2583,6
2586,3
2586,4
2587,1
2587,3
2588,1
2590,1
2590,2
2591,9
2592,1
2593,1
2593,2
2593,7
2594,1
2594,2
2594,7
2594,9
2595,1
2595,2
2595,7
2596,1
2596,2
2596,4
2596,7
2597,1
2597,2
2597,7
2598,1
2599,1
2599,3
2600,1
2600,7
2601,2
2603,1
2603,2
2605,1
2605,2
2605,7
2606,2
2606,4
2606,5
2606,6
2606,7
2607,1
2607,4
2607,7
2608,1
2609,1
2609,2
2610,1
2610,2
2610,7
2611,1
2611,2
2611,3
2611,7
2612,1
2612,2
2612,7
2613,1
2613,7
2613,9
2614,1
2614,2
2615,1
2615,2
2615,7
2615,9
2616,1
2617,1
2617,2
2617,7
2618,1
2619,2
2619,3
2619,5
2619,7
2620,9
2621,2
2621,3
2623,1
2623,2
2623,7
2624,1
2624,2
2624,7
2625,1
2625,2
2625,7
2625,9
2626,1
2626,2
2626,7
2627,1
2627,2
2627,7
2629,1
2629,9
2631,1
2631,2
2631,7
2633,1
2633,2
2633,7
2633,9
2634,1
2634,2
2634,7
2635,2
2635,7
2635,9
2637,1
2637,4
2638,1
2639,1
2640,1
2640,3
2640,7
2642,2
2643,1
2643,7
2644,3
2644,7
2647,1
2647,2
2647,7
2648,1
2649,1
2650,1
2650,2
2650,7
2650,9
2651,1
2651,4
2651,7
2652,1
2652,2
2653,1
2653,2
2653,7
2653,9
2655,1
2656,1
2658,2
2659,1
2659,2
2659,7
2659,9
2660,2
2660,7
2661,2
2661,7
2662,1
2662,2
2663,2
2663,7
2665,1
2665,2
2665,7
2665,9
2666,1
2666,7
2667,1
2667,7
2668,1
2668,3
2669,1
2669,2
2670,1
2674,1
2675,1
2675,2
2675,7
2675,9
2676,1
2678,1
2679,1
2679,4
2680,1
2681,1
2681,2
2681,7
2681,9
2682,7
2683,1
2684,6
2684,9
2685,1
2685,3
2685,7
2687,1
2688,1
2688,5
2688,7
2689,1
2689,2
2690,1
2690,2
2691,1
2691,2
2691,7
2692,1
2692,9
2693,1
2693,2
2693,7
2693,9
2694,1
2694,2
2694,7
2695,1
2698,1
2698,2
2698,7
2699,2
2699,7
2700,1
2701,1
2702,1
2702,2
2702,7
2702,9
2703,1
2703,9
2704,1
2704,9
2706,1
2706,7
2708,1
2708,2
2708,7
2708,9
2710,1
2710,7
2711,1
2711,7
2712,1
2712,4
2713,2
2713,9
2714,1
2714,7
2715,1
2716,1
2716,7
2717,1
2717,2
2717,7
2718,1
2718,2
2718,7
2719,1
2719,2
2719,7
2719,9
2721,1
2721,6
2722,1
2723,1
2727,1
2729,1
2731,1
2731,7
2732,1
2732,5
2732,6
2732,7
2732,9
2733,9
2735,2
2735,9
2736,1
2738,1
2739,5
2739,7
2740,3
2740,8
2742,1
2743,1
2743,2
2743,7
2744,1
2745,1
2746,1
2746,9
2748,1
2748,4
2749,1
2749,9
2750,1
2750,7
2750,9
2751,1
2751,9
2752,1
2752,2
2754,1
2754,2
2755,1
2755,7
2756,1
2756,7
2756,9
2757,1
2757,3
2757,7
2757,9
2758,1
2758,9
2760,2
2760,3
2760,7
2761,1
2762,2
2762,5
2762,7
2763,4
2764,1
2764,2
2764,7
2765,1
2767,1
2769,5
2770,2
2774,5
2774,7
2775,2
2777,1
2777,2
2777,3
2777,7
2778,1
2778,7
2779,1
2779,7
2780,7
2781,1
2782,1
2782,2
2782,7
2783,1
2784,1
2785,1
2785,9
2786,1
2787,2
2787,5
2787,6
2787,7
2788,1
2788,2
2788,7
2790,1
2790,2
2790,5
2790,7
2791,2
2792,4
2793,1
2795,7
2797,1
2800,1
2800,2
2800,7
2801,1
2801,2
2801,7
2802,5
2802,6
2802,7
2803,1
2804,3
2804,4
2805,1
2806,2
2806,3
2806,6
2807,1
2807,7
2808,1
2809,3
2810,1
2810,2
2810,7
2810,9
2811,1
2811,2
2813,7
2814,7
2815,1
2815,2
2815,7
2815,8
2816,3
2816,5
2816,6
2816,7
2816,8
2817,1
2817,3
2818,1
2818,2
2818,4
2820,1
2820,6
2821,7
2822,1
2825,1
2828,1
2828,2
2829,1
2829,2
2829,7
2830,1
2830,2
2830,7
2831,1
2833,2
2833,7
2834,2
2834,3
2835,1
2835,7
2835,9
2836,1
2837,1
2837,2
2838,1
2839,1
2839,2
2839,7
2840,1
2841,1
2841,9
2842,1
2842,7
2843,1
2843,7
2843,9
2844,1
2844,2
2844,7
2844,9
2845,2
2846,7
2848,7
2848,9
2850,3
2850,4
2851,2
2851,5
2851,6
2851,7
2851,8
2853,1
2853,3
2854,1
2854,7
2855,4
2857,1
2858,6
2860,4
2861,1
2861,3
2862,1
2862,2
2862,3
2863,3
2863,5
2863,7
2864,1
2864,3
2865,1
2865,2
2865,3
2866,1
2867,4
2868,1
2868,2
2868,7
2868,9
2869,1
2872,5
2872,7
2873,1
2873,2
2874,1
2875,2
2875,4
2875,7
2876,1
2876,7
2877,1
2877,7
2878,3
2878,4
2878,5
2878,7
2879,3
2879,6
2882,1
2883,1
2883,7
2885,1
2885,7
2886,1
2886,2
2886,7
2887,1
2887,7
2888,1
2888,4
2889,9
2890,7
2891,7
2892,1
2892,7
2894,1
2895,2
2895,5
2895,6
2897,1
2898,3
2898,4
2899,7
2900,3
2900,4
2901,1
2901,2
2901,6
2901,7
2902,3
2903,5
2903,7
2903,9
2904,2
2904,5
2904,7
2904,8
2905,9
2906,1
2906,2
2907,1
2908,1
2908,7
2909,1
2909,2
2909,5
2909,6
2909,7
2909,9
2910,2
2910,6
2912,5
2912,6
2912,7
2912,8
2913,5
2913,7
2913,8
2914,5
2914,6
2914,7
2914,8
2915,4
2915,5
2915,6
2915,7
2916,1
2916,9
2917,1
2917,7
2918,1
2919,1
2919,2
2919,7
2920,1
2920,2
2920,7
2921,1
2922,5
2922,7
2923,1
2924,1
2924,2
2924,7
2924,9
2925,1
2925,2
2925,7
2925,9
2926,1
2926,2
2926,7
2926,9
2927,1
2927,2
2927,7
2928,1
2928,2
2928,4
2928,7
2929,3
2929,4
2930,1
2930,2
2930,7
2931,1
2931,9
2932,1
2932,2
2932,7
2935,1
2935,2
2936,5
2936,7
2937,4
2937,7
2938,2
2938,7
2941,1
2941,2
2941,7
2941,9
2943,1
2945,1
2945,2
2945,7
2945,9
2948,9
2949,1
2949,5
2950,1
2950,2
2950,7
2950,9
2951,7
2952,1
2952,7
2953,2
2953,7
2953,9
2954,1
2954,2
2955,1
2955,2
2955,7
2955,9
2956,9
2957,1
2957,3
2959,1
2959,2
2959,7
2960,1
2960,2
2961,1
2963,3
2963,9
2964,2
2965,1
2967,1
2967,2
2967,7
2968,1
2969,1
2969,2
2969,7
2970,3
2971,1
2973,1
2973,2
2973,9
2974,6
2975,1
2975,2
2975,7
2975,9
2976,1
2976,7
2977,1
2977,2
2977,7
2978,1
2979,5
2980,1
2980,2
2981,3
2981,7
2982,1
2982,2
2983,7
2984,7
2985,1
2985,4
2986,2
2986,5
2986,6
2986,7
2987,1
2987,2
2987,9
2988,7
2990,1
2990,2
2991,3
2992,5
2992,7
2993,1
2993,2
2993,7
2994,1
2994,2
2995,1
2996,7
2997,1
2998,1
3000,1
3001,1
3002,1
3003,4
3004,2
3004,3
3004,7
3005,1
3006,4
3006,5
3007,4
3008,5
3008,7
3010,1
3010,7
3011,1
3012,1
3012,9
3013,1
3013,2
3013,7
3013,9
3014,1
3014,2
3015,1
3016,1
3017,9
3018,2
3019,1
3019,2
3019,3
3019,7
3020,1
3020,3
3020,7
3021,9
3022,1
3022,2
3023,5
3023,7
3024,1
3024,2
3024,7
3025,1
3025,3
3025,5
3026,1
3026,9
3027,1
3027,5
3027,7
3027,9
3028,2
3028,3
3028,7
3029,1
3029,2
3030,1
3030,2
3031,2
3032,1
3032,7
3033,9
3035,1
3035,2
3035,7
3036,1
3036,2
3036,7
3036,9
3037,1
3037,5
3038,3
3039,4
3040,1
3040,2
3040,7
3041,1
3041,7
3041,9
3042,2
3044,4
3044,5
3044,6
3044,7
3046,1
3047,2
3047,7
3048,1
3049,5
3049,7
3050,1
3051,1
3051,7
3053,1
3053,7
3054,1
3055,1
3056,1
3057,1
3057,2
3057,7
3058,1
3058,2
3058,7
3059,1
3059,2
3059,7
3060,1
3060,2
3060,3
3060,4
3060,7
3061,1
3061,2
3061,9
3062,1
3062,9
3063,3
3063,7
3065,7
3066,1
3066,2
3066,7
3066,9
3067,3
3068,1
3068,2
3068,7
3069,1
3069,3
3069,7
3070,7
3070,9
3071,2
3071,3
3071,5
3071,7
3072,1
3072,3
3074,1
3075,1
3075,2
3075,7
3075,9
3076,3
3078,5
3078,7
3080,5
3081,1
3081,5
3081,7
3082,1
3082,2
3082,7
3083,1
3083,2
3083,5
3084,2
3084,5
3084,7
3085,1
3085,2
3085,7
3085,9
3086,1
3086,7
3087,1
3087,2
3087,7
3088,1
3088,7
3088,9
3089,1
3089,2
3089,7
3089,9
3091,9
3092,1
3093,4
3093,7
3095,2
3095,4
3096,2
3096,3
3096,7
3097,1
3097,2
3097,4
3097,7
3098,1
3098,2
3098,7
3098,9
3099,2
3099,7
3099,9
3100,1
3100,2
3100,7
3100,9
3103,1
3103,7
3104,1
3104,2
3104,7
3105,9
3106,1
3106,2
3107,2
3107,7
3108,1
3108,2
3110,4
3110,7
3111,1
3111,2
3111,7
3112,1
3112,2
3112,7
3112,9
3113,1
3113,2
3113,7
3113,9
3115,1
3116,1
3116,4
3117,1
3118,2
3119,1
3119,7
3119,9
3120,1
3120,7
3121,5
3121,6
3121,7
3122,1
3122,2
3122,7
3123,1
3123,2
3123,7
3124,1
3124,2
3124,9
3125,1
3125,7
3126,9
3128,1
3129,1
3129,2
3129,7
3130,2
3130,7
3131,1
3132,2
3132,3
3132,7
3133,1
3133,3
3133,4
3133,7
3134,1
3134,7
3135,1
3135,7
3135,9
3136,1
3136,2
3136,7
3137,1
3137,2
3137,7
3138,1
3139,2
3140,1
3140,7
3141,1
3142,1
3142,7
3143,1
3143,2
3143,7
3144,4
3144,6
3145,7
3145,9
3146,1
3147,1
3147,2
3148,9
3149,1
3149,9
3150,1
3150,2
3150,7
3151,1
3151,2
3151,7
3151,9
3152,1
3152,2
3152,9
3153,1
3154,1
3154,2
3154,7
3155,1
3156,9
3157,1
3157,4
3158,1
3158,2
3158,9
3159,1
3159,2
3159,7
3160,1
3160,9
3161,1
3161,4
3161,7
3162,1
3164,1
3164,3
3164,5
3164,7
3165,1
3165,7
3166,2
3166,3
3166,7
3167,1
3167,2
3168,7
3169,1
3170,1
3170,7
3171,2
3171,4
3171,7
3173,1
3174,1
3175,1
3177,1
3177,9
3178,1
3178,2
3178,7
3178,9
3179,1
3179,2
3179,7
3179,9
3180,1
3180,2
3180,7
3181,1
3181,2
3181,7
3184,1
3185,1
3185,4
3186,1
3186,9
3187,1
3188,1
3188,3
3188,4
3189,1
3189,2
3189,7
3190,1
3190,2
3190,7
3191,2
3192,1
3192,7
3193,1
3194,1
3194,2
3194,7
3195,1
3196,3
3197,1
3197,7
3198,1
3198,7
3199,1
3199,2
3199,7
3199,9
3200,2
3201,1
3206,5
3206,7
3206,8
3207,1
3207,2
3207,7
3207,9
3208,1
3209,7
3210,1
3210,3
3211,1
3211,4
3212,1
3212,2
3213,1
3213,7
3215,1
3215,2
3215,7
3216,1
3217,1
3217,7
3218,7
3219,1
3219,2
3219,3
3219,7
3220,1
3220,2
3220,7
3221,1
3222,1
3222,7
3223,1
3223,2
3223,7
3224,1
3224,2
3224,7
3225,1
3225,2
3225,7
3226,1
3227,9
3228,1
3228,7
3230,1
3230,3
3231,1
3231,2
3231,3
3232,1
3233,5
3233,6
3233,7
3235,1
3235,2
3235,7
3236,1
3236,2
3236,7
3236,9
3237,1
3237,2
3237,7
3239,1
3239,2
3239,7
3239,9
3243,1
3244,1
3244,2
3244,7
3244,9
3245,1
3246,2
3247,1
3250,1
3250,7
3252,1
3252,7
3254,1
3254,9
3255,1
3256,7
3258,1
3258,9
3259,1
3259,2
3259,7
3259,9
3260,1
3260,3
3260,9
3261,1
3261,2
3261,7
3263,2
3263,7
3265,1
3266,1
3266,4
3267,1
3267,4
3267,7
3268,3
3268,5
3268,6
3268,7
3269,1
3269,9
3270,4
3270,7
3271,6
3271,7
3272,1
3274,1
3275,1
3275,9
3276,1
3276,2
3277,1
3277,7
3277,9
3278,1
3278,2
3278,7
3279,1
3279,9
3281,1
3281,2
3282,1
3282,2
3282,7
3283,1
3284,1
3285,3
3286,1
3287,2
3287,7
3288,1
3288,2
3288,7
3289,7
3290,1
3290,2
3292,1
3295,3
3295,4
3295,8
3296,1
3297,2
3297,3
3298,9
3299,1
3300,1
3300,2
3301,1
3302,1
3302,7
3302,9
3303,1
3303,2
3303,7
3303,9
3305,1
3306,1
3307,1
3307,7
3308,2
3308,5
3310,2
3310,7
3312,1
3312,7
3314,5
3314,7
3315,2
3316,4
3316,7
3317,1
3317,7
3318,1
3318,2
3318,7
3318,9
3319,1
3319,2
3320,4
3322,1
3322,2
3322,7
3323,1
3323,2
3323,7
3326,5
3328,9
3329,3
3330,4
3331,1
3331,3
3332,1
3332,2
3332,4
3333,2
3333,7
3334,1
3334,7
3336,1
3336,2
3337,1
3337,9
3338,1
3338,2
3338,7
3338,9
3341,1
3341,2
3341,4
3342,1
3344,3
3346,1
3346,4
3346,7
3347,1
3348,1
3348,2
3349,1
3350,1
3350,4
3350,7
3351,3
3352,2
3353,1
3355,2
3356,6
3356,8
3357,3
3357,5
3357,7
3357,8
3358,1
3358,4
3358,7
3359,1
3359,2
3360,4
3361,2
3361,3
3362,2
3362,4
3362,8
3363,2
3363,5
3363,7
3364,2
3364,4
3365,1
3365,2
3365,7
3366,6
3366,9
3367,3
3369,1
3369,9
3371,1
3371,2
3375,1
3376,1
3376,7
3376,9
3377,1
3377,2
3377,7
3377,9
3379,1
3379,7
3381,1
3381,2
3381,9
3382,3
3383,3
3383,4
3383,6
3385,3
3387,1
3391,1
3392,1
3393,1
3393,2
3393,3
3394,1
3395,1
3396,1
3397,1
3397,4
3398,4
3400,1
3400,2
3400,7
3402,1
3403,1
3403,2
3403,7
3405,1
3405,2
3405,4
3406,1
3406,4
3406,7
3407,1
3407,2
3408,1
3408,2
3410,1
3411,1
3411,7
3413,1
3413,2
3413,7
3414,1
3415,1
3415,2
3415,7
3415,8
3416,5
3416,7
3417,1
3417,2
3418,7
3420,3
3421,1
3421,2
3421,7
3422,5
3423,1
3424,1
3424,2
3424,7
3424,9
3426,5
3426,6
3426,7
3427,1
3427,2
3427,7
3429,5
3429,7
3431,1
3432,1
3432,2
3432,7
3433,1
3433,7
3434,2
3434,7
3435,1
3435,2
3436,5
3436,7
3436,8
3439,1
3439,7
3440,1
3440,2
3441,2
3442,1
3442,7
3443,1
3444,1
3445,1
3445,2
3445,9
3446,1
3447,1
3447,4
3449,1
3450,1
3451,1
3451,2
3451,9
3452,1
3452,2
3452,7
3452,9
3453,1
3454,1
3454,9
3455,1
3456,1
3456,2
3457,1
3457,7
3457,9
3458,1
3458,2
3459,2
3460,1
3461,1
3461,7
3462,1
3464,1
3464,4
3464,5
3464,7
3465,1
3465,7
3466,7
3467,2
3467,7
3468,1
3468,2
3469,5
3469,6
3469,7
3472,1
3474,4
3474,6
3475,1
3475,5
3476,1
3477,1
3477,2
3477,7
3478,1
3478,2
3479,1
3479,2
3479,7
3479,9
3480,2
3480,7
3480,9
3481,4
3483,4
3484,1
3484,2
3484,7
3486,1
3486,9
3488,1
3488,2
3488,7
3490,3
3490,4
3490,6
3490,7
3490,8
3491,1
3491,2
3491,7
3492,1
3493,1
3494,1
3494,2
3494,7
3494,9
3495,1
3495,2
3495,7
3497,1
3498,1
3498,2
3499,1
3499,2
3499,7
3500,3
3500,5
3500,7
3501,2
3502,1
3502,2
3502,7
3503,1
3503,2
3503,3
3503,6
3503,7
3504,4
3504,6
3504,8
3505,2
3507,9
3508,1
3508,2
3508,7
3509,3
3509,7
3509,8
3511,1
3511,2
3511,7
3512,1
3512,2
3512,7
3512,9
3513,4
3514,1
3515,5
3515,6
3515,7
3515,8
3516,1
3517,1
3518,4
3519,4
3519,5
3519,6
3519,7
3519,8
3520,3
3521,1
3521,2
3521,7
3522,1
3522,2
3522,7
3523,1
3524,1
3525,1
3525,4
3527,1
3527,2
3527,7
3528,1
3528,7
3528,9
3529,1
3529,7
3530,4
3531,1
3532,9
3534,1
3534,2
3534,7
3534,8
3535,1
3536,4
3536,5
3536,6
3536,7
3536,8
3536,9
3539,1
3540,2
3540,4
3540,5
3540,6
3540,7
3540,8
3541,1
3541,2
3541,7
3542,1
3542,7
3543,1
3543,5
3543,7
3544,1
3544,2
3545,1
3545,2
3545,7
3545,9
3546,1
3546,7
3546,9
3547,1
3547,2
3547,7
3547,9
3548,2
3548,7
3548,9
3549,1
3549,2
3549,7
3550,1
3550,2
3550,7
3551,1
3551,2
3551,7
3552,1
3553,1
3553,2
3553,7
3553,9
3554,7
3555,1
3555,2
3555,7
3555,9
3556,1
3556,9
3557,1
3557,2
3557,7
3557,9
3559,1
3559,7
3559,9
3560,1
3560,2
3560,7
3561,1
3561,2
3561,7
3561,9
3563,1
3563,7
3564,4
3564,7
3565,1
3565,2
3565,4
3565,7
3566,1
3566,7
3567,1
3567,2
3567,7
3568,1
3569,1
3569,2
3570,9
3571,1
3571,9
3572,1
3572,7
3572,9
3573,1
3575,1
3575,2
3575,7
3576,1
3576,7
3577,1
3577,2
3577,7
3577,9
3578,1
3578,2
3579,1
3579,2
3579,7
3579,9
3580,1
3580,2
3580,7
3581,1
3581,2
3581,7
3581,9
3584,1
3585,1
3586,1
3588,1
3588,9
3589,1
3589,2
3589,7
3591,6
3592,2
3592,5
3592,7
3593,1
3594,1
3594,2
3594,7
3596,9
3597,1
3597,2
3598,1
3598,7
3598,9
3599,1
3599,2
3600,1
3600,2
3600,7
3601,1
3601,9
3602,1
3602,9
3603,1
3603,2
3603,7
3603,9
3604,3
3604,7
3605,1
3605,2
3605,7
3606,1
3606,2
3607,1
3607,2
3607,7
3608,1
3609,3
3609,5
3610,1
3610,7
3611,1
3611,2
3611,7
3612,1
3612,4
3613,1
3613,7
3614,1
3614,7
3615,1
3615,7
3616,2
3618,1
3618,2
3618,4
3618,5
3618,7
3618,9
3619,1
3619,2
3619,7
3620,1
3620,2
3620,7
3622,3
3622,4
3623,1
3623,4
3625,1
3628,1
3628,2
3628,7
3629,1
3629,2
3629,6
3629,7
3631,1
3632,1
3632,2
3632,7
3633,1
3633,3
3634,5
3634,7
3634,9
3635,1
3636,2
3636,7
3638,4
3638,7
3640,1
3641,9
3642,1
3642,7
3643,1
3643,7
3644,1
3644,2
3646,1
3646,3
3646,5
3646,7
3647,1
3647,2
3647,4
3647,7
3648,3
3649,3
3649,7
3650,1
3650,2
3650,7
3651,4
3651,5
3651,6
3651,7
3654,1
3654,2
3655,1
3660,2
3660,3
3661,7
3661,9
3662,1
3662,2
3662,3
3664,1
3665,1
3665,2
3666,2
3666,6
3666,8
3667,2
3669,2
3669,5
3669,6
3669,7
3671,1
3671,4
3672,7
3673,1
3674,4
3675,1
3675,7
3676,1
3677,1
3677,7
3678,1
3678,2
3678,7
3679,1
3679,2
3679,7
3680,1
3681,1
3682,1
3683,7
3685,1
3685,7
3687,1
3687,2
3687,4
3687,7
3691,1
3692,1
3692,3
3692,7
3693,1
3693,2
3693,7
3693,9
3694,2
3695,1
3695,2
3695,7
3696,1
3697,1
3699,4
3700,2
3700,5
3700,7
3701,3
3702,1
3703,1
3704,1
3705,1
3705,2
3705,9
3706,4
3706,5
3706,6
3706,7
3707,1
3707,3
3707,5
3707,7
3708,3
3708,4
3709,2
3709,5
3709,7
3710,3
3710,4
3710,5
3710,7
3711,1
3714,1
3714,2
3714,7
3715,1
3715,2
3715,7
3717,1
3717,3
3718,3
3719,1
3719,7
3720,1
3720,7
3721,5
3721,6
3721,7
3721,9
3722,1
3722,3
3722,7
3724,1
3725,2
3725,3
3726,1
3726,4
3727,1
3727,2
3727,7
3727,9
3728,1
3728,2
3728,7
3730,1
3730,2
3730,7
3732,1
3732,7
3733,1
3733,2
3733,7
3734,4
3735,4
3736,5
3736,6
3736,7
3736,8
3739,1
3740,1
3740,5
3741,1
3742,1
3743,1
3745,5
3746,1
3747,1
3748,4
3748,7
3750,5
3750,7
3752,2
3752,5
3752,6
3752,7
3753,1
3755,3
3756,2
3756,9
3757,1
3759,2
3759,9
3760,1
3761,1
3762,1
3763,1
3763,2
3763,7
3764,1
3764,2
3765,1
3765,2
3766,1
3766,3
3766,7
3768,1
3768,2
3768,4
3768,7
3768,8
3769,1
3770,1
3771,1
3771,2
3771,7
3772,2
3772,7
3772,9
3773,1
3773,6
3773,7
3774,7
3775,1
3775,3
3776,1
3776,2
3776,5
3776,7
3777,2
3778,2
3780,1
3780,2
3780,7
3781,1
3781,7
3781,9
3782,1
3782,7
3782,9
3783,1
3784,7
3784,9
3786,1
3787,1
3787,4
3789,1
3789,2
3789,7
3790,4
3791,1
3791,4
3791,9
3792,1
3792,2
3792,7
3792,8
3793,2
3793,4
3794,1
3794,2
3794,7
3795,1
3795,2
3795,7
3795,9
3796,1
3796,2
3797,1
3798,1
3799,1
3800,1
3800,7
3801,1
3805,1
3805,7
3806,4
3807,1
3807,3
3808,9
3809,1
3809,2
3809,7
3809,9
3810,1
3810,5
3810,7
3811,1
3811,2
3811,7
3812,1
3813,1
3813,7
3814,3
3814,4
3815,1
3815,7
3816,2
3816,7
3819,1
3819,7
3821,1
3822,1
3822,2
3822,7
3822,9
3824,1
3824,2
3824,7
3825,1
3825,2
3826,1
3826,4
3826,5
3826,6
3826,7
3826,8
3827,4
3828,1
3828,2
3828,7
3829,1
3831,1
3831,7
3835,5
3835,7
3836,1
3836,5
3836,7
3836,9
3837,1
3838,1
3838,2
3838,7
3838,9
3839,1
3839,2
3839,7
3840,1
3840,2
3840,9
3841,1
3841,2
3841,7
3842,1
3842,2
3842,5
3842,7
3843,1
3843,7
3843,9
3844,1
3844,9
3845,1
3845,2
3845,7
3846,1
3847,1
3847,9
3848,1
3849,3
3849,5
3849,6
3850,6
3851,9
3852,1
3852,9
3856,1
3857,2
3857,3
3857,6
3858,1
3858,7
3859,2
3859,7
3860,1
3860,2
3860,7
3860,9
3861,1
3863,1
3864,1
3864,7
3864,9
3865,1
3865,7
3866,1
3866,7
3866,9
3867,1
3867,2
3868,1
3869,1
3869,7
3870,3
3871,1
3871,3
3871,4
3871,7
3873,1
3873,7
3873,9
3874,1
3874,9
3875,1
3875,4
3875,7
3876,7
3877,8
3878,1
3878,2
3878,7
3878,9
3879,1
3879,2
3879,7
3880,1
3880,2
3880,9
3881,1
3882,1
3882,2
3882,7
3883,1
3883,2
3883,7
3883,9
3886,1
3887,1
3888,1
3889,1
3891,1
3892,1
3892,2
3892,7
3893,2
3893,7
3893,8
3894,1
3894,4
3895,1
3896,1
3896,7
3897,1
3897,2
3897,7
3898,1
3898,4
3898,7
3899,1
3899,2
3900,1
3901,1
3901,2
3901,9
3902,1
3902,7
3903,3
3903,5
3903,6
3903,9
3904,1
3904,9
3905,4
3906,1
3906,9
3907,1
3907,2
3907,7
3908,1
3908,7
3909,1
3909,3
3910,7
3911,9
3912,1
3912,7
3912,9
3913,1
3914,1
3914,7
3915,1
3916,1
3916,7
3918,1
3919,1
3919,7
3920,1
3920,7
3922,1
3922,2
3922,7
3922,9
3923,1
3923,5
3923,7
3923,8
3924,1
3924,9
3925,1
3927,1
3928,1
3928,3
3928,4
3929,1
3930,9
3931,1
3933,1
3933,2
3934,1
3934,2
3934,7
3935,1
3935,2
3935,7
3937,1
3937,7
3938,1
3938,7
3940,1
3940,3
3941,7
3943,1
3945,1
3945,7
3946,1
3946,3
3947,8
3948,1
3951,1
3952,1
3952,2
3952,7
3959,1
3961,9
3966,1
3970,1
3971,1
3971,2
3973,1
3973,2
3973,7
3974,1
3974,2
3974,9
3976,1
3977,4
3978,9
3979,1
3980,1
3981,1
3981,2
3981,7
3981,9
3982,1
3982,7
3983,9
3984,1
3984,7
3985,2
3987,1
3988,1
3988,7
3989,2
3989,3
3990,1
3990,2
3990,7
3991,1
3991,4
3991,7
3992,1
3992,2
3992,7
3992,9
3994,1
3994,2
3994,7
3996,1
3996,7
3996,9
3997,3
3998,1
3999,1
3999,2
3999,7
4000,1
4000,2
4000,7
4001,1
4004,1
4004,2
4004,4
4004,7
4005,1
4005,2
4005,7
4006,4
4007,2
4007,4
4008,1
4008,7
4011,1
4011,2
4011,4
4011,7
4012,3
4012,7
4013,3
4013,9
4014,1
4014,2
4014,7
4014,9
4015,1
4016,1
4016,2
4016,7
4016,9
4017,9
4018,1
4018,7
4020,1
4020,7
4021,1
4021,2
4021,7
4022,1
4022,3
4023,1
4023,7
4025,1
4026,1
4026,2
4026,7
4027,1
4027,2
4027,7
4028,1
4028,2
4028,7
4029,1
4029,7
4030,1
4030,2
4031,1
4031,7
4032,1
4032,7
4033,3
4033,7
4036,1
4036,2
4036,7
4036,9
4037,1
4037,2
4038,1
4038,7
4039,1
4039,2
4039,7
4039,9
4040,1
4040,7
4041,1
4041,2
4041,7
4042,1
4042,7
4043,1
4043,2
4043,7
4046,5
4046,6
4046,7
4049,1
4050,3
4050,4
4050,7
4051,1
4052,1
4052,7
4053,1
4053,2
4053,7
4054,5
4054,7
4055,1
4055,7
4057,1
4057,2
4057,7
4057,9
4059,1
4059,4
4059,9
4061,1
4062,1
4062,7
4063,1
4063,7
4064,1
4065,1
4065,7
4066,1
4067,1
4067,7
4068,1
4068,3
4069,9
4071,1
4071,9
4073,1
4073,4
4074,1
4074,2
4076,4
4077,1
4078,1
4078,3
4078,7
4079,2
4079,5
4079,6
4079,7
4079,8
4080,4
4081,9
4082,1
4082,3
4082,7
4083,1
4083,7
4083,9
4084,1
4085,1
4085,2
4085,9
4086,1
4086,2
4086,7
4088,1
4088,2
4088,7
4089,1
4089,2
4089,7
4090,1
4090,2
4090,7
4092,1
4093,1
4093,2
4093,7
4094,1
4094,2
4095,1
4095,2
4095,7
4096,1
4096,2
4096,9
4097,1
4097,7
4098,1
4100,1
4100,2
4100,7
4101,1
4101,2
4102,1
4102,4
4103,1
4103,2
4103,7
4104,1
4104,2
4105,4
4106,1
4106,2
4106,3
4106,4
4107,1
4108,1
4108,4
4108,5
4108,7
4109,1
4109,4
4110,1
4111,1
4111,7
4112,1
4112,2
4112,7
4113,1
4113,2
4113,7
4114,2
4115,1
4115,2
4115,7
4116,1
4116,2
4116,7
4117,2
4118,3
4118,4
4120,2
4120,3
4120,7
4121,3
4121,5
4121,6
4123,1
4123,7
4124,4
4124,7
4125,1
4126,1
4126,3
4126,4
4127,3
4128,1
4128,2
4128,7
4128,9
4129,2
4129,3
4130,1
4130,2
4130,5
4130,9
4131,1
4133,1
4133,2
4133,7
4133,9
4134,7
4136,1
4138,9
4139,3
4139,5
4139,7
4141,1
4141,7
4142,9
4144,5
4144,6
4144,7
4144,8
4145,5
4145,7
4146,3
4146,7
4147,1
4147,2
4148,4
4148,7
4149,1
4149,7
4151,1
4152,3
4152,7
4153,3
4153,5
4153,7
4154,1
4155,1
4155,2
4155,9
4156,1
4156,7
4156,9
4157,1
4157,2
4157,7
4158,1
4159,1
4159,9
4160,1
4160,2
4161,1
4161,7
4162,1
4162,7
4163,1
4163,2
4163,7
4164,1
4164,7
4164,9
4165,1
4165,2
4165,7
4166,1
4166,2
4166,7
4166,9
4167,1
4167,2
4168,1
4168,2
4169,1
4169,7
4169,9
4170,3
4170,5
4170,6
4170,7
4171,1
4172,1
4172,7
4172,9
